isabella@example.com;9678;Isabella;Martin
elijah@example.com;10789;Elijah;White
amelia@example.com;11890;Amelia;Harris
lucas@example.com;12901;Lucas;Clark
harper@example.com;13012;Harper;Lewis
mason@example.com;14123;Mason;Robinson
evelyn@example.com;15234;Evelyn;Walker
logan@example.com;16345;Logan;Young
scarlett@example.com;17456;Scarlett;Allen
james@example.com;18567;James;King
olivia@example.com;19678;Olivia;Scott
liam@example.com;20789;Liam;Adams
sophia@example.com;21890;Sophia;Baker
noah@example.com;22901;Noah;Carter
mia@example.com;23012;Mia;Mitchell
benjamin@example.com;24123;Benjamin;Perez
ava@example.com;25234;Ava;Roberts
ethan@example.com;26345;Ethan;Turner
charlotte@example.com;27456;Charlotte;Phillips
alexander@example.com;28567;Alexander;Campbell
ella@example.com;29678;Ella;Parker
jacob@example.com;30789;Jacob;Evans
grace@example.com;31890;Grace;Edwards
michael@example.com;32901;Michael;Collins
chloe@example.com;33012;Chloe;Stewart
daniel@example.com;34123;Daniel;Sanchez
zoe@example.com;35234;Zoe;Morris
henry@example.com;36345;Henry;Rogers
lily@example.com;37456;Lily;Reed
jackson@example.com;38567;Jackson;Cook
hannah@example.com;39678;Hannah;Morgan
sebastian@example.com;40789;Sebastian;Bell
aria@example.com;41890;Aria;Murphy
aiden@example.com;42901;Aiden;Bailey
ella@example.com;43012;Ella;Rivera
samuel@example.com;44123;Samuel;Cooper
nora@example.com;45234;Nora;Richardson
david@example.com;46345;David;Cox
scarlett@example.com;47456;Scarlett;Howard
joseph@example.com;48567;Joseph;Ward
penelope@example.com;49678;Penelope;Torres
owen@example.com;50789;Owen;Peterson
layla@example.com;51890;Layla;Gray
leo@example.com;52901;Leo;Ramirez
zoey@example.com;53012;Zoey;James
gabriel@example.com;54123;Gabriel;Watson
aurora@example.com;55234;Aurora;Brooks
carter@example.com;56345;Carter;Kelly
violet@example.com;57456;Violet;Sanders
wyatt@example.com;58567;Wyatt;Price
stella@example.com;59678;Stella;Bennett
isaac@example.com;60789;Isaac;Wood
hazel@example.com;61890;Hazel;Barnes
levi@example.com;62901;Levi;Ross
ellie@example.com;63012;Ellie;Henderson
mateo@example.com;64123;Mateo;Coleman
luna@example.com;65234;Luna;Jenkins
caleb@example.com;66345;Caleb;Perry
savannah@example.com;67456;Savannah;Powell
ryan@example.com;68567;Ryan;Long
paisley@example.com;69678;Paisley;Patterson
nathan@example.com;70789;Nathan;Hughes
bella@example.com;71890;Bella;Flores
isaiah@example.com;72901;Isaiah;Washington
skylar@example.com;73012;Skylar;Butler
thomas@example.com;74123;Thomas;Simmons
lucy@example.com;75234;Lucy;Foster
charles@example.com;76345;Charles;Gonzalez
natalie@example.com;77456;Natalie;Bryant
ezra@example.com;78567;Ezra;Alexander
audrey@example.com;79678;Audrey;Russell
christopher@example.com;80789;Christopher;Griffin
brooklyn@example.com;81890;Brooklyn;Diaz
asher@example.com;82901;Asher;Hayes
claire@example.com;83012;Claire;Myers
julian@example.com;84123;Julian;Ford
violet@example.com;85234;Violet;Hamilton
hudson@example.com;86345;Hudson;Graham
elliana@example.com;87456;Elliana;Sullivan
hunter@example.com;88567;Hunter;Wallace
aria@example.com;89678;Aria;West
isaiah@example.com;90789;Isaiah;Cole
madison@example.com;91890;Madison;Jordan
joshua@example.com;92901;Joshua;Owens
nora@example.com;93012;Nora;Reynolds
andrew@example.com;94123;Andrew;Fisher
zoe@example.com;95234;Zoe;Ellis
adam@example.com;96345;Adam;Harrison
lila@example.com;97456;Lila;Gibson
joseph@example.com;98567;Joseph;McDonald